ProductID,ProductName,ProductCategory,UnitCost,SellingPrice
1,Beer_1,IPA,3.14,9.89
2,Beer_2,IPA,4.37,6.51
3,Beer_3,IPA,4.72,8.01
4,Beer_4,IPA,4.69,10.54
5,Beer_5,IPA,3.99,11.13
6,Beer_6,IPA,4.72,10.26
7,Beer_7,IPA,2.11,10.29
8,Beer_8,IPA,2.64,10.76
9,Beer_9,IPA,3.11,9.35
10,Beer_10,IPA,3.31,7.58
11,Beer_11,IPA,2.88,9.13
12,Beer_12,IPA,3.92,11.25
13,Beer_13,IPA,1.67,11.58
14,Beer_14,IPA,1.17,6.02
15,Beer_15,IPA,2.64,7.27
16,Beer_16,Lager,2.20,12.93
17,Beer_17,Lager,4.83,7.66
18,Beer_18,Lager,4.62,11.91
19,Beer_19,Lager,4.54,6.59
20,Beer_20,Lager,1.67,10.29
21,Beer_21,Lager,2.90,9.56
22,Beer_22,Lager,1.15,5.46
23,Beer_23,Lager,4.14,5.35
24,Beer_24,Lager,3.53,10.90
25,Beer_25,Lager,2.52,10.53
26,Beer_26,Lager,1.05,10.83
27,Beer_27,Lager,2.68,8.07
28,Beer_28,Lager,1.19,9.52
29,Beer_29,Lager,4.18,12.73
30,Beer_30,Lager,2.07,10.29
31,Beer_31,Stout,1.63,8.75
32,Beer_32,Stout,2.72,6.09
33,Beer_33,Stout,2.48,10.59
34,Beer_34,Stout,1.19,9.16
35,Beer_35,Stout,4.89,8.90
36,Beer_36,Stout,3.71,6.35
37,Beer_37,Stout,2.78,8.88
38,Beer_38,Stout,2.84,12.61
39,Beer_39,Stout,1.61,9.89
40,Beer_40,Stout,2.83,11.50
41,Beer_41,Pale Ale,2.33,12.68
42,Beer_42,Pale Ale,2.57,5.78
43,Beer_43,Pale Ale,3.26,6.34
44,Beer_44,Pale Ale,3.38,6.32
45,Beer_45,Pale Ale,4.10,8.67
46,Beer_46,Pale Ale,2.74,11.33
47,Beer_47,Pale Ale,1.22,8.52
48,Beer_48,Pale Ale,1.79,11.52
49,Beer_49,Pale Ale,3.01,10.63
50,Beer_50,Pale Ale,3.25,11.08
