ProductID,ProductName,ProductCategory,UnitsSold,Revenue,Cost,Profit
23,Beer_23,Lager,10865,67684.50,44981.10,22703.40
46,Beer_46,Pale Ale,9922,64142.00,27186.28,36955.72
29,Beer_29,Lager,11025,68061.50,46084.50,21977.00
9,Beer_9,IPA,8798,56030.00,27361.78,28668.22
15,Beer_15,IPA,9740,62816.00,25713.60,37102.40
3,Beer_3,IPA,10052,64993.50,47445.44,17548.06
32,Beer_32,Stout,10313,67444.00,28051.36,39392.64
26,Beer_26,Lager,10756,77480.00,11293.80,66186.20
12,Beer_12,IPA,10728,68282.50,42053.76,26228.74
35,Beer_35,Stout,11283,64961.00,55173.87,9787.13
6,Beer_6,IPA,10643,63472.50,50234.96,13237.54
43,Beer_43,Pale Ale,11695,73742.50,38125.70,35616.80
49,Beer_49,Pale Ale,10034,67392.00,30202.34,37189.66
21,Beer_21,Lager,8677,52208.00,25163.30,27044.70
27,Beer_27,Lager,9633,54996.50,25816.44,29180.06
38,Beer_38,Stout,8681,60931.00,24654.04,36276.96
44,Beer_44,Pale Ale,9261,58656.00,31302.18,27353.82
7,Beer_7,IPA,10577,64473.50,22317.47,42156.03
1,Beer_1,IPA,10340,67171.00,32467.60,34703.40
50,Beer_50,Pale Ale,9618,55939.00,31258.50,24680.50
24,Beer_24,Lager,10450,68666.00,36888.50,31777.50
47,Beer_47,Pale Ale,11985,73092.50,14621.70,58470.80
18,Beer_18,Lager,9348,51558.00,43187.76,8370.24
30,Beer_30,Lager,8765,62140.00,18143.55,43996.45
10,Beer_10,IPA,10013,66865.50,33143.03,33722.47
41,Beer_41,Pale Ale,9833,64434.50,22910.89,41523.61
4,Beer_4,IPA,10372,64525.50,48644.68,15880.82
19,Beer_19,Lager,10995,71968.00,49917.30,22050.70
25,Beer_25,Lager,11267,67528.50,28392.84,39135.66
36,Beer_36,Stout,10844,64759.50,40231.24,24528.26
13,Beer_13,IPA,9523,64337.00,15903.41,48433.59
42,Beer_42,Pale Ale,9019,58773.00,23178.83,35594.17
5,Beer_5,IPA,10502,67853.50,41902.98,25950.52
22,Beer_22,Lager,9814,66625.00,11286.10,55338.90
39,Beer_39,Stout,10570,68997.50,17017.70,51979.80
33,Beer_33,Stout,9936,70648.50,24641.28,46007.22
16,Beer_16,Lager,10190,65455.00,22418.00,43037.00
45,Beer_45,Pale Ale,9847,66547.00,40372.70,26174.30
2,Beer_2,IPA,9067,63563.50,39622.79,23940.71
48,Beer_48,Pale Ale,10857,69296.50,19434.03,49862.47
17,Beer_17,Lager,10172,64207.00,49130.76,15076.24
31,Beer_31,Stout,10296,73963.50,16782.48,57181.02
34,Beer_34,Stout,10349,68289.00,12315.31,55973.69
40,Beer_40,Stout,8494,64506.00,24038.02,40467.98
11,Beer_11,IPA,11304,73833.50,32555.52,41277.98
20,Beer_20,Lager,8814,59559.50,14719.38,44840.12
28,Beer_28,Lager,10786,66755.00,12835.34,53919.66
14,Beer_14,IPA,9850,61028.50,11524.50,49504.00
37,Beer_37,Stout,11223,76349.00,31199.94,45149.06
8,Beer_8,IPA,10164,64694.50,26832.96,37861.54
