SupplierID,SupplierName,TotalOrders,AvgLeadTimeDays
9,Packaging UK,266,10
15,Lager Ingredients,235,11
3,Euro Malt GmbH,247,11
12,Grain Experts,268,11
6,Hops Direct,242,11
7,Malt Brothers,222,11
1,Hop Alliance UK,274,11
18,Raw Materials Ltd,265,11
10,Can Solutions,271,11
4,Premium Yeast,249,11
19,Supply Partners,255,11
13,Hop Global,254,11
5,Brew Logistics,247,11
16,Craft Supply Co,219,11
2,Northern Malt,258,11
17,Yeast Innovations,223,11
11,Barley Source,267,11
20,Ingredient Hub,236,11
14,Bottle Supply,274,11
8,Belgian Yeast Co,228,11
