ProductName,UnitsSold,Revenue,Cost,Profit
Beer_30,38936,255242.00,219599.04,219599.04
Beer_19,42066,284323.00,227156.40,227156.40
Beer_2,39889,273838.50,51057.92,51057.92
Beer_46,39236,259187.50,219721.60,219721.60
Beer_13,42237,276562.00,46460.70,46460.70
Beer_21,41498,266786.00,209149.92,209149.92
Beer_45,40861,267267.00,183874.50,183874.50
Beer_37,39281,253591.00,90346.30,90346.30
Beer_1,39036,250438.50,102664.68,102664.68
Beer_26,38992,249106.00,136861.92,136861.92
Beer_7,41920,265434.00,124083.20,124083.20
Beer_4,40665,258661.00,72383.70,72383.70
Beer_40,39596,259844.00,124331.44,124331.44
Beer_50,39392,260396.50,220595.20,220595.20
Beer_48,38831,255781.50,133190.33,133190.33
Beer_6,40054,260292.50,78505.84,78505.84
Beer_9,39349,252076.50,65712.83,65712.83
Beer_35,40539,276867.50,141075.72,141075.72
Beer_16,39828,267949.50,164091.36,164091.36
Beer_29,39142,257530.00,59104.42,59104.42
Beer_10,39541,257010.00,214707.63,214707.63
Beer_36,44386,277400.50,257438.80,257438.80
Beer_42,38830,255567.00,108335.70,108335.70
Beer_8,41559,269971.00,69403.53,69403.53
Beer_15,40788,278512.00,79944.48,79944.48
Beer_27,43288,269815.00,189601.44,189601.44
Beer_3,37839,252284.50,106705.98,106705.98
Beer_33,41672,271570.00,57507.36,57507.36
Beer_47,40118,257179.00,222253.72,222253.72
Beer_41,37949,247767.00,92216.07,92216.07
Beer_18,43134,271882.00,173398.68,173398.68
Beer_49,43145,268638.50,221333.85,221333.85
Beer_39,40976,254007.00,161855.20,161855.20
Beer_24,41740,259207.00,110193.60,110193.60
Beer_12,38311,250848.00,139068.93,139068.93
Beer_22,40287,249983.50,78559.65,78559.65
Beer_44,37629,262892.50,111758.13,111758.13
Beer_34,40975,259298.00,96701.00,96701.00
Beer_32,39434,258986.00,49686.84,49686.84
Beer_17,39132,251095.00,210530.16,210530.16
Beer_23,42696,278206.50,235681.92,235681.92
Beer_25,40553,273819.00,62857.15,62857.15
Beer_38,39819,249866.50,112289.58,112289.58
Beer_28,39879,268222.50,94912.02,94912.02
Beer_43,40355,262931.50,147699.30,147699.30
Beer_31,38655,258615.50,230383.80,230383.80
Beer_11,39835,254683.00,48200.35,48200.35
Beer_14,42300,279825.00,202617.00,202617.00
Beer_20,42901,279214.00,129990.03,129990.03
Beer_5,39936,254371.00,109424.64,109424.64
