1,Beer Product 1,Lager,Beavertown
2,Beer Product 2,Stout,Beavertown
3,Beer Product 3,Pale Ale,Beavertown
4,Beer Product 4,Session Ale,Beavertown
5,Beer Product 5,IPA,Beavertown
6,Beer Product 6,Lager,Beavertown
7,Beer Product 7,Stout,Beavertown
8,Beer Product 8,Pale Ale,Beavertown
9,Beer Product 9,Session Ale,Beavertown
10,Beer Product 10,IPA,Beavertown
11,Beer Product 11,Lager,Beavertown
12,Beer Product 12,Stout,Beavertown
13,Beer Product 13,Pale Ale,Beavertown
14,Beer Product 14,Session Ale,Beavertown
15,Beer Product 15,IPA,Beavertown
16,Beer Product 16,Lager,Beavertown
17,Beer Product 17,Stout,Beavertown
18,Beer Product 18,Pale Ale,Beavertown
19,Beer Product 19,Session Ale,Beavertown
20,Beer Product 20,IPA,Beavertown
21,Beer Product 21,Lager,Beavertown
22,Beer Product 22,Stout,Beavertown
23,Beer Product 23,Pale Ale,Beavertown
24,Beer Product 24,Session Ale,Beavertown
25,Beer Product 25,IPA,Beavertown
26,Beer Product 26,Lager,Beavertown
27,Beer Product 27,Stout,Beavertown
28,Beer Product 28,Pale Ale,Beavertown
29,Beer Product 29,Session Ale,Beavertown
30,Beer Product 30,IPA,Beavertown
31,Beer Product 31,Lager,Beavertown
32,Beer Product 32,Stout,Beavertown
33,Beer Product 33,Pale Ale,Beavertown
34,Beer Product 34,Session Ale,Beavertown
35,Beer Product 35,IPA,Beavertown
36,Beer Product 36,Lager,Beavertown
37,Beer Product 37,Stout,Beavertown
38,Beer Product 38,Pale Ale,Beavertown
39,Beer Product 39,Session Ale,Beavertown
40,Beer Product 40,IPA,Beavertown
41,Beer Product 41,Lager,Beavertown
42,Beer Product 42,Stout,Beavertown
43,Beer Product 43,Pale Ale,Beavertown
44,Beer Product 44,Session Ale,Beavertown
45,Beer Product 45,IPA,Beavertown
46,Beer Product 46,Lager,Beavertown
47,Beer Product 47,Stout,Beavertown
48,Beer Product 48,Pale Ale,Beavertown
49,Beer Product 49,Session Ale,Beavertown
50,Beer Product 50,IPA,Beavertown
51,Beer Product 51,Lager,Beavertown
52,Beer Product 52,Stout,Beavertown
53,Beer Product 53,Pale Ale,Beavertown
54,Beer Product 54,Session Ale,Beavertown
55,Beer Product 55,IPA,Beavertown
56,Beer Product 56,Lager,Beavertown
57,Beer Product 57,Stout,Beavertown
58,Beer Product 58,Pale Ale,Beavertown
59,Beer Product 59,Session Ale,Beavertown
60,Beer Product 60,IPA,Beavertown
61,Beer Product 61,Lager,Beavertown
62,Beer Product 62,Stout,Beavertown
63,Beer Product 63,Pale Ale,Beavertown
64,Beer Product 64,Session Ale,Beavertown
65,Beer Product 65,IPA,Beavertown
66,Beer Product 66,Lager,Beavertown
67,Beer Product 67,Stout,Beavertown
68,Beer Product 68,Pale Ale,Beavertown
69,Beer Product 69,Session Ale,Beavertown
70,Beer Product 70,IPA,Beavertown
71,Beer Product 71,Lager,Beavertown
72,Beer Product 72,Stout,Beavertown
73,Beer Product 73,Pale Ale,Beavertown
74,Beer Product 74,Session Ale,Beavertown
75,Beer Product 75,IPA,Beavertown
76,Beer Product 76,Lager,Beavertown
77,Beer Product 77,Stout,Beavertown
78,Beer Product 78,Pale Ale,Beavertown
79,Beer Product 79,Session Ale,Beavertown
80,Beer Product 80,IPA,Beavertown
81,Beer Product 81,Lager,Beavertown
82,Beer Product 82,Stout,Beavertown
83,Beer Product 83,Pale Ale,Beavertown
84,Beer Product 84,Session Ale,Beavertown
85,Beer Product 85,IPA,Beavertown
86,Beer Product 86,Lager,Beavertown
87,Beer Product 87,Stout,Beavertown
88,Beer Product 88,Pale Ale,Beavertown
89,Beer Product 89,Session Ale,Beavertown
90,Beer Product 90,IPA,Beavertown
91,Beer Product 91,Lager,Beavertown
92,Beer Product 92,Stout,Beavertown
93,Beer Product 93,Pale Ale,Beavertown
94,Beer Product 94,Session Ale,Beavertown
95,Beer Product 95,IPA,Beavertown
96,Beer Product 96,Lager,Beavertown
97,Beer Product 97,Stout,Beavertown
98,Beer Product 98,Pale Ale,Beavertown
99,Beer Product 99,Session Ale,Beavertown
100,Beer Product 100,IPA,Beavertown
101,Beer Product 101,Lager,Beavertown
102,Beer Product 102,Stout,Beavertown
103,Beer Product 103,Pale Ale,Beavertown
104,Beer Product 104,Session Ale,Beavertown
105,Beer Product 105,IPA,Beavertown
106,Beer Product 106,Lager,Beavertown
107,Beer Product 107,Stout,Beavertown
108,Beer Product 108,Pale Ale,Beavertown
109,Beer Product 109,Session Ale,Beavertown
110,Beer Product 110,IPA,Beavertown
111,Beer Product 111,Lager,Beavertown
112,Beer Product 112,Stout,Beavertown
113,Beer Product 113,Pale Ale,Beavertown
114,Beer Product 114,Session Ale,Beavertown
115,Beer Product 115,IPA,Beavertown
116,Beer Product 116,Lager,Beavertown
117,Beer Product 117,Stout,Beavertown
118,Beer Product 118,Pale Ale,Beavertown
119,Beer Product 119,Session Ale,Beavertown
120,Beer Product 120,IPA,Beavertown
121,Beer Product 121,Lager,Beavertown
122,Beer Product 122,Stout,Beavertown
123,Beer Product 123,Pale Ale,Beavertown
124,Beer Product 124,Session Ale,Beavertown
125,Beer Product 125,IPA,Beavertown
126,Beer Product 126,Lager,Beavertown
127,Beer Product 127,Stout,Beavertown
128,Beer Product 128,Pale Ale,Beavertown
129,Beer Product 129,Session Ale,Beavertown
130,Beer Product 130,IPA,Beavertown
131,Beer Product 131,Lager,Beavertown
132,Beer Product 132,Stout,Beavertown
133,Beer Product 133,Pale Ale,Beavertown
134,Beer Product 134,Session Ale,Beavertown
135,Beer Product 135,IPA,Beavertown
136,Beer Product 136,Lager,Beavertown
137,Beer Product 137,Stout,Beavertown
138,Beer Product 138,Pale Ale,Beavertown
139,Beer Product 139,Session Ale,Beavertown
140,Beer Product 140,IPA,Beavertown
141,Beer Product 141,Lager,Beavertown
142,Beer Product 142,Stout,Beavertown
143,Beer Product 143,Pale Ale,Beavertown
144,Beer Product 144,Session Ale,Beavertown
145,Beer Product 145,IPA,Beavertown
146,Beer Product 146,Lager,Beavertown
147,Beer Product 147,Stout,Beavertown
148,Beer Product 148,Pale Ale,Beavertown
149,Beer Product 149,Session Ale,Beavertown
150,Beer Product 150,IPA,Beavertown
151,Beer Product 151,Lager,Beavertown
152,Beer Product 152,Stout,Beavertown
153,Beer Product 153,Pale Ale,Beavertown
154,Beer Product 154,Session Ale,Beavertown
155,Beer Product 155,IPA,Beavertown
156,Beer Product 156,Lager,Beavertown
157,Beer Product 157,Stout,Beavertown
158,Beer Product 158,Pale Ale,Beavertown
159,Beer Product 159,Session Ale,Beavertown
160,Beer Product 160,IPA,Beavertown
161,Beer Product 161,Lager,Beavertown
162,Beer Product 162,Stout,Beavertown
163,Beer Product 163,Pale Ale,Beavertown
164,Beer Product 164,Session Ale,Beavertown
165,Beer Product 165,IPA,Beavertown
166,Beer Product 166,Lager,Beavertown
167,Beer Product 167,Stout,Beavertown
168,Beer Product 168,Pale Ale,Beavertown
169,Beer Product 169,Session Ale,Beavertown
170,Beer Product 170,IPA,Beavertown
171,Beer Product 171,Lager,Beavertown
172,Beer Product 172,Stout,Beavertown
173,Beer Product 173,Pale Ale,Beavertown
174,Beer Product 174,Session Ale,Beavertown
175,Beer Product 175,IPA,Beavertown
176,Beer Product 176,Lager,Beavertown
177,Beer Product 177,Stout,Beavertown
178,Beer Product 178,Pale Ale,Beavertown
179,Beer Product 179,Session Ale,Beavertown
180,Beer Product 180,IPA,Beavertown
181,Beer Product 181,Lager,Beavertown
182,Beer Product 182,Stout,Beavertown
183,Beer Product 183,Pale Ale,Beavertown
184,Beer Product 184,Session Ale,Beavertown
185,Beer Product 185,IPA,Beavertown
186,Beer Product 186,Lager,Beavertown
187,Beer Product 187,Stout,Beavertown
188,Beer Product 188,Pale Ale,Beavertown
189,Beer Product 189,Session Ale,Beavertown
190,Beer Product 190,IPA,Beavertown
191,Beer Product 191,Lager,Beavertown
192,Beer Product 192,Stout,Beavertown
193,Beer Product 193,Pale Ale,Beavertown
194,Beer Product 194,Session Ale,Beavertown
195,Beer Product 195,IPA,Beavertown
196,Beer Product 196,Lager,Beavertown
197,Beer Product 197,Stout,Beavertown
198,Beer Product 198,Pale Ale,Beavertown
199,Beer Product 199,Session Ale,Beavertown
200,Beer Product 200,IPA,Beavertown
201,Beer Product 201,Lager,Beavertown
202,Beer Product 202,Stout,Beavertown
203,Beer Product 203,Pale Ale,Beavertown
204,Beer Product 204,Session Ale,Beavertown
205,Beer Product 205,IPA,Beavertown
206,Beer Product 206,Lager,Beavertown
207,Beer Product 207,Stout,Beavertown
208,Beer Product 208,Pale Ale,Beavertown
209,Beer Product 209,Session Ale,Beavertown
210,Beer Product 210,IPA,Beavertown
211,Beer Product 211,Lager,Beavertown
212,Beer Product 212,Stout,Beavertown
213,Beer Product 213,Pale Ale,Beavertown
214,Beer Product 214,Session Ale,Beavertown
215,Beer Product 215,IPA,Beavertown
216,Beer Product 216,Lager,Beavertown
217,Beer Product 217,Stout,Beavertown
218,Beer Product 218,Pale Ale,Beavertown
219,Beer Product 219,Session Ale,Beavertown
220,Beer Product 220,IPA,Beavertown
221,Beer Product 221,Lager,Beavertown
222,Beer Product 222,Stout,Beavertown
223,Beer Product 223,Pale Ale,Beavertown
224,Beer Product 224,Session Ale,Beavertown
225,Beer Product 225,IPA,Beavertown
226,Beer Product 226,Lager,Beavertown
227,Beer Product 227,Stout,Beavertown
228,Beer Product 228,Pale Ale,Beavertown
229,Beer Product 229,Session Ale,Beavertown
230,Beer Product 230,IPA,Beavertown
231,Beer Product 231,Lager,Beavertown
232,Beer Product 232,Stout,Beavertown
233,Beer Product 233,Pale Ale,Beavertown
234,Beer Product 234,Session Ale,Beavertown
235,Beer Product 235,IPA,Beavertown
236,Beer Product 236,Lager,Beavertown
237,Beer Product 237,Stout,Beavertown
238,Beer Product 238,Pale Ale,Beavertown
239,Beer Product 239,Session Ale,Beavertown
240,Beer Product 240,IPA,Beavertown
241,Beer Product 241,Lager,Beavertown
242,Beer Product 242,Stout,Beavertown
243,Beer Product 243,Pale Ale,Beavertown
244,Beer Product 244,Session Ale,Beavertown
245,Beer Product 245,IPA,Beavertown
246,Beer Product 246,Lager,Beavertown
247,Beer Product 247,Stout,Beavertown
248,Beer Product 248,Pale Ale,Beavertown
249,Beer Product 249,Session Ale,Beavertown
250,Beer Product 250,IPA,Beavertown
251,Beer Product 251,Lager,Beavertown
252,Beer Product 252,Stout,Beavertown
253,Beer Product 253,Pale Ale,Beavertown
254,Beer Product 254,Session Ale,Beavertown
255,Beer Product 255,IPA,Beavertown
256,Beer Product 256,Lager,Beavertown
257,Beer Product 257,Stout,Beavertown
258,Beer Product 258,Pale Ale,Beavertown
259,Beer Product 259,Session Ale,Beavertown
260,Beer Product 260,IPA,Beavertown
261,Beer Product 261,Lager,Beavertown
262,Beer Product 262,Stout,Beavertown
263,Beer Product 263,Pale Ale,Beavertown
264,Beer Product 264,Session Ale,Beavertown
265,Beer Product 265,IPA,Beavertown
266,Beer Product 266,Lager,Beavertown
267,Beer Product 267,Stout,Beavertown
268,Beer Product 268,Pale Ale,Beavertown
269,Beer Product 269,Session Ale,Beavertown
270,Beer Product 270,IPA,Beavertown
271,Beer Product 271,Lager,Beavertown
272,Beer Product 272,Stout,Beavertown
273,Beer Product 273,Pale Ale,Beavertown
274,Beer Product 274,Session Ale,Beavertown
275,Beer Product 275,IPA,Beavertown
276,Beer Product 276,Lager,Beavertown
277,Beer Product 277,Stout,Beavertown
278,Beer Product 278,Pale Ale,Beavertown
279,Beer Product 279,Session Ale,Beavertown
280,Beer Product 280,IPA,Beavertown
281,Beer Product 281,Lager,Beavertown
282,Beer Product 282,Stout,Beavertown
283,Beer Product 283,Pale Ale,Beavertown
284,Beer Product 284,Session Ale,Beavertown
285,Beer Product 285,IPA,Beavertown
286,Beer Product 286,Lager,Beavertown
287,Beer Product 287,Stout,Beavertown
288,Beer Product 288,Pale Ale,Beavertown
289,Beer Product 289,Session Ale,Beavertown
290,Beer Product 290,IPA,Beavertown
291,Beer Product 291,Lager,Beavertown
292,Beer Product 292,Stout,Beavertown
293,Beer Product 293,Pale Ale,Beavertown
294,Beer Product 294,Session Ale,Beavertown
295,Beer Product 295,IPA,Beavertown
296,Beer Product 296,Lager,Beavertown
297,Beer Product 297,Stout,Beavertown
298,Beer Product 298,Pale Ale,Beavertown
299,Beer Product 299,Session Ale,Beavertown
300,Beer Product 300,IPA,Beavertown
301,Beer Product 301,Lager,Beavertown
302,Beer Product 302,Stout,Beavertown
303,Beer Product 303,Pale Ale,Beavertown
304,Beer Product 304,Session Ale,Beavertown
305,Beer Product 305,IPA,Beavertown
306,Beer Product 306,Lager,Beavertown
307,Beer Product 307,Stout,Beavertown
308,Beer Product 308,Pale Ale,Beavertown
309,Beer Product 309,Session Ale,Beavertown
310,Beer Product 310,IPA,Beavertown
311,Beer Product 311,Lager,Beavertown
312,Beer Product 312,Stout,Beavertown
313,Beer Product 313,Pale Ale,Beavertown
314,Beer Product 314,Session Ale,Beavertown
315,Beer Product 315,IPA,Beavertown
316,Beer Product 316,Lager,Beavertown
317,Beer Product 317,Stout,Beavertown
318,Beer Product 318,Pale Ale,Beavertown
319,Beer Product 319,Session Ale,Beavertown
320,Beer Product 320,IPA,Beavertown
321,Beer Product 321,Lager,Beavertown
322,Beer Product 322,Stout,Beavertown
323,Beer Product 323,Pale Ale,Beavertown
324,Beer Product 324,Session Ale,Beavertown
325,Beer Product 325,IPA,Beavertown
326,Beer Product 326,Lager,Beavertown
327,Beer Product 327,Stout,Beavertown
328,Beer Product 328,Pale Ale,Beavertown
329,Beer Product 329,Session Ale,Beavertown
330,Beer Product 330,IPA,Beavertown
331,Beer Product 331,Lager,Beavertown
332,Beer Product 332,Stout,Beavertown
333,Beer Product 333,Pale Ale,Beavertown
334,Beer Product 334,Session Ale,Beavertown
335,Beer Product 335,IPA,Beavertown
336,Beer Product 336,Lager,Beavertown
337,Beer Product 337,Stout,Beavertown
338,Beer Product 338,Pale Ale,Beavertown
339,Beer Product 339,Session Ale,Beavertown
340,Beer Product 340,IPA,Beavertown
341,Beer Product 341,Lager,Beavertown
342,Beer Product 342,Stout,Beavertown
343,Beer Product 343,Pale Ale,Beavertown
344,Beer Product 344,Session Ale,Beavertown
345,Beer Product 345,IPA,Beavertown
346,Beer Product 346,Lager,Beavertown
347,Beer Product 347,Stout,Beavertown
348,Beer Product 348,Pale Ale,Beavertown
349,Beer Product 349,Session Ale,Beavertown
350,Beer Product 350,IPA,Beavertown
351,Beer Product 351,Lager,Beavertown
352,Beer Product 352,Stout,Beavertown
353,Beer Product 353,Pale Ale,Beavertown
354,Beer Product 354,Session Ale,Beavertown
355,Beer Product 355,IPA,Beavertown
356,Beer Product 356,Lager,Beavertown
357,Beer Product 357,Stout,Beavertown
358,Beer Product 358,Pale Ale,Beavertown
359,Beer Product 359,Session Ale,Beavertown
360,Beer Product 360,IPA,Beavertown
361,Beer Product 361,Lager,Beavertown
362,Beer Product 362,Stout,Beavertown
363,Beer Product 363,Pale Ale,Beavertown
364,Beer Product 364,Session Ale,Beavertown
365,Beer Product 365,IPA,Beavertown
366,Beer Product 366,Lager,Beavertown
367,Beer Product 367,Stout,Beavertown
368,Beer Product 368,Pale Ale,Beavertown
369,Beer Product 369,Session Ale,Beavertown
370,Beer Product 370,IPA,Beavertown
371,Beer Product 371,Lager,Beavertown
372,Beer Product 372,Stout,Beavertown
373,Beer Product 373,Pale Ale,Beavertown
374,Beer Product 374,Session Ale,Beavertown
375,Beer Product 375,IPA,Beavertown
376,Beer Product 376,Lager,Beavertown
377,Beer Product 377,Stout,Beavertown
378,Beer Product 378,Pale Ale,Beavertown
379,Beer Product 379,Session Ale,Beavertown
380,Beer Product 380,IPA,Beavertown
381,Beer Product 381,Lager,Beavertown
382,Beer Product 382,Stout,Beavertown
383,Beer Product 383,Pale Ale,Beavertown
384,Beer Product 384,Session Ale,Beavertown
385,Beer Product 385,IPA,Beavertown
386,Beer Product 386,Lager,Beavertown
387,Beer Product 387,Stout,Beavertown
388,Beer Product 388,Pale Ale,Beavertown
389,Beer Product 389,Session Ale,Beavertown
390,Beer Product 390,IPA,Beavertown
391,Beer Product 391,Lager,Beavertown
392,Beer Product 392,Stout,Beavertown
393,Beer Product 393,Pale Ale,Beavertown
394,Beer Product 394,Session Ale,Beavertown
395,Beer Product 395,IPA,Beavertown
396,Beer Product 396,Lager,Beavertown
397,Beer Product 397,Stout,Beavertown
398,Beer Product 398,Pale Ale,Beavertown
399,Beer Product 399,Session Ale,Beavertown
400,Beer Product 400,IPA,Beavertown
401,Beer Product 401,Lager,Beavertown
402,Beer Product 402,Stout,Beavertown
403,Beer Product 403,Pale Ale,Beavertown
404,Beer Product 404,Session Ale,Beavertown
405,Beer Product 405,IPA,Beavertown
406,Beer Product 406,Lager,Beavertown
407,Beer Product 407,Stout,Beavertown
408,Beer Product 408,Pale Ale,Beavertown
409,Beer Product 409,Session Ale,Beavertown
410,Beer Product 410,IPA,Beavertown
411,Beer Product 411,Lager,Beavertown
412,Beer Product 412,Stout,Beavertown
413,Beer Product 413,Pale Ale,Beavertown
414,Beer Product 414,Session Ale,Beavertown
415,Beer Product 415,IPA,Beavertown
416,Beer Product 416,Lager,Beavertown
417,Beer Product 417,Stout,Beavertown
418,Beer Product 418,Pale Ale,Beavertown
419,Beer Product 419,Session Ale,Beavertown
420,Beer Product 420,IPA,Beavertown
421,Beer Product 421,Lager,Beavertown
422,Beer Product 422,Stout,Beavertown
423,Beer Product 423,Pale Ale,Beavertown
424,Beer Product 424,Session Ale,Beavertown
425,Beer Product 425,IPA,Beavertown
426,Beer Product 426,Lager,Beavertown
427,Beer Product 427,Stout,Beavertown
428,Beer Product 428,Pale Ale,Beavertown
429,Beer Product 429,Session Ale,Beavertown
430,Beer Product 430,IPA,Beavertown
431,Beer Product 431,Lager,Beavertown
432,Beer Product 432,Stout,Beavertown
433,Beer Product 433,Pale Ale,Beavertown
434,Beer Product 434,Session Ale,Beavertown
435,Beer Product 435,IPA,Beavertown
436,Beer Product 436,Lager,Beavertown
437,Beer Product 437,Stout,Beavertown
438,Beer Product 438,Pale Ale,Beavertown
439,Beer Product 439,Session Ale,Beavertown
440,Beer Product 440,IPA,Beavertown
441,Beer Product 441,Lager,Beavertown
442,Beer Product 442,Stout,Beavertown
443,Beer Product 443,Pale Ale,Beavertown
444,Beer Product 444,Session Ale,Beavertown
445,Beer Product 445,IPA,Beavertown
446,Beer Product 446,Lager,Beavertown
447,Beer Product 447,Stout,Beavertown
448,Beer Product 448,Pale Ale,Beavertown
449,Beer Product 449,Session Ale,Beavertown
450,Beer Product 450,IPA,Beavertown
451,Beer Product 451,Lager,Beavertown
452,Beer Product 452,Stout,Beavertown
453,Beer Product 453,Pale Ale,Beavertown
454,Beer Product 454,Session Ale,Beavertown
455,Beer Product 455,IPA,Beavertown
456,Beer Product 456,Lager,Beavertown
457,Beer Product 457,Stout,Beavertown
458,Beer Product 458,Pale Ale,Beavertown
459,Beer Product 459,Session Ale,Beavertown
460,Beer Product 460,IPA,Beavertown
461,Beer Product 461,Lager,Beavertown
462,Beer Product 462,Stout,Beavertown
463,Beer Product 463,Pale Ale,Beavertown
464,Beer Product 464,Session Ale,Beavertown
465,Beer Product 465,IPA,Beavertown
466,Beer Product 466,Lager,Beavertown
467,Beer Product 467,Stout,Beavertown
468,Beer Product 468,Pale Ale,Beavertown
469,Beer Product 469,Session Ale,Beavertown
470,Beer Product 470,IPA,Beavertown
471,Beer Product 471,Lager,Beavertown
472,Beer Product 472,Stout,Beavertown
473,Beer Product 473,Pale Ale,Beavertown
474,Beer Product 474,Session Ale,Beavertown
475,Beer Product 475,IPA,Beavertown
476,Beer Product 476,Lager,Beavertown
477,Beer Product 477,Stout,Beavertown
478,Beer Product 478,Pale Ale,Beavertown
479,Beer Product 479,Session Ale,Beavertown
480,Beer Product 480,IPA,Beavertown
481,Beer Product 481,Lager,Beavertown
482,Beer Product 482,Stout,Beavertown
483,Beer Product 483,Pale Ale,Beavertown
484,Beer Product 484,Session Ale,Beavertown
485,Beer Product 485,IPA,Beavertown
486,Beer Product 486,Lager,Beavertown
487,Beer Product 487,Stout,Beavertown
488,Beer Product 488,Pale Ale,Beavertown
489,Beer Product 489,Session Ale,Beavertown
490,Beer Product 490,IPA,Beavertown
491,Beer Product 491,Lager,Beavertown
492,Beer Product 492,Stout,Beavertown
493,Beer Product 493,Pale Ale,Beavertown
494,Beer Product 494,Session Ale,Beavertown
495,Beer Product 495,IPA,Beavertown
496,Beer Product 496,Lager,Beavertown
497,Beer Product 497,Stout,Beavertown
498,Beer Product 498,Pale Ale,Beavertown
499,Beer Product 499,Session Ale,Beavertown
500,Beer Product 500,IPA,Beavertown
