Beer Product 10,IPA,118784.00,4736
Beer Product 100,IPA,135066.00,5773
Beer Product 105,IPA,158884.00,7327
Beer Product 110,IPA,197590.00,6977
Beer Product 115,IPA,171115.00,6777
Beer Product 120,IPA,185415.00,7714
Beer Product 125,IPA,204288.00,7466
Beer Product 130,IPA,189436.00,7688
Beer Product 135,IPA,161875.00,6774
Beer Product 140,IPA,144221.00,6068
Beer Product 145,IPA,195002.00,7680
Beer Product 15,IPA,176933.00,8351
Beer Product 150,IPA,139762.00,5042
Beer Product 155,IPA,171250.00,6165
Beer Product 160,IPA,158317.00,6385
Beer Product 165,IPA,157566.00,6254
Beer Product 170,IPA,144712.00,6152
Beer Product 175,IPA,156789.00,6972
Beer Product 180,IPA,163187.00,7696
Beer Product 185,IPA,180123.00,7320
Beer Product 190,IPA,190361.00,7943
Beer Product 195,IPA,164567.00,5970
Beer Product 20,IPA,167886.00,5827
Beer Product 200,IPA,178593.00,7350
Beer Product 205,IPA,184247.00,7033
Beer Product 210,IPA,164779.00,5986
Beer Product 215,IPA,154851.00,6430
Beer Product 220,IPA,166031.00,6152
Beer Product 225,IPA,158290.00,7005
Beer Product 230,IPA,181453.00,7802
Beer Product 235,IPA,141458.00,5236
Beer Product 240,IPA,200423.00,6973
Beer Product 245,IPA,188802.00,6469
Beer Product 25,IPA,193906.00,8199
Beer Product 250,IPA,177035.00,6471
Beer Product 255,IPA,170449.00,7055
Beer Product 260,IPA,147806.00,5916
Beer Product 265,IPA,133480.00,5249
Beer Product 270,IPA,177234.00,6985
Beer Product 275,IPA,150629.00,5689
Beer Product 280,IPA,224149.00,8418
Beer Product 285,IPA,208662.00,7445
Beer Product 290,IPA,133116.00,5660
Beer Product 295,IPA,167696.00,6673
Beer Product 30,IPA,158179.00,5887
Beer Product 300,IPA,191363.00,7528
Beer Product 305,IPA,152804.00,6666
Beer Product 310,IPA,199709.00,7418
Beer Product 315,IPA,138739.00,6066
Beer Product 320,IPA,150432.00,5947
Beer Product 325,IPA,159558.00,5624
Beer Product 330,IPA,176428.00,5829
Beer Product 335,IPA,143401.00,5851
Beer Product 340,IPA,157729.00,6707
Beer Product 345,IPA,150749.00,6868
Beer Product 35,IPA,191367.00,7120
Beer Product 350,IPA,176108.00,6027
Beer Product 355,IPA,133571.00,5901
Beer Product 360,IPA,179585.00,6557
Beer Product 365,IPA,175301.00,6909
Beer Product 370,IPA,170133.00,6177
Beer Product 375,IPA,160546.00,5905
Beer Product 380,IPA,130949.00,4904
Beer Product 385,IPA,162661.00,7628
Beer Product 390,IPA,126754.00,4676
Beer Product 395,IPA,173811.00,7259
Beer Product 40,IPA,188293.00,6490
Beer Product 400,IPA,155287.00,6658
Beer Product 405,IPA,144820.00,5372
Beer Product 410,IPA,172095.00,6013
Beer Product 415,IPA,153249.00,5799
Beer Product 420,IPA,196539.00,7518
Beer Product 425,IPA,171184.00,6164
Beer Product 430,IPA,164967.00,6388
Beer Product 435,IPA,194262.00,6980
Beer Product 440,IPA,99859.00,4613
Beer Product 445,IPA,161032.00,6836
Beer Product 45,IPA,172676.00,7369
Beer Product 450,IPA,156024.00,6216
Beer Product 455,IPA,151625.00,5330
Beer Product 460,IPA,162548.00,6085
Beer Product 465,IPA,124821.00,4606
Beer Product 470,IPA,176160.00,7149
Beer Product 475,IPA,153971.00,6540
Beer Product 480,IPA,160691.00,6687
Beer Product 485,IPA,183971.00,7859
Beer Product 490,IPA,182347.00,6499
Beer Product 495,IPA,155457.00,6081
Beer Product 5,IPA,177079.00,7464
Beer Product 50,IPA,133210.00,6003
Beer Product 500,IPA,164058.00,5684
Beer Product 55,IPA,159463.00,5764
Beer Product 60,IPA,138225.00,6524
Beer Product 65,IPA,134846.00,5383
Beer Product 70,IPA,192467.00,6856
Beer Product 75,IPA,130574.00,5976
Beer Product 80,IPA,200777.00,6903
Beer Product 85,IPA,164250.00,5764
Beer Product 90,IPA,160221.00,5773
Beer Product 95,IPA,188334.00,6728
Beer Product 1,Lager,165603.00,7628
Beer Product 101,Lager,128712.00,5530
Beer Product 106,Lager,139902.00,6606
Beer Product 11,Lager,153680.00,5504
Beer Product 111,Lager,140605.00,5538
Beer Product 116,Lager,181228.00,6884
Beer Product 121,Lager,178096.00,6828
Beer Product 126,Lager,155747.00,6472
Beer Product 131,Lager,188385.00,5857
Beer Product 136,Lager,112506.00,3990
Beer Product 141,Lager,150342.00,6306
Beer Product 146,Lager,197119.00,7189
Beer Product 151,Lager,177214.00,7777
Beer Product 156,Lager,135889.00,5115
Beer Product 16,Lager,149350.00,6639
Beer Product 161,Lager,141465.00,6493
Beer Product 166,Lager,218436.00,8552
Beer Product 171,Lager,167871.00,6834
Beer Product 176,Lager,124629.00,5253
Beer Product 181,Lager,168799.00,7193
Beer Product 186,Lager,215227.00,7679
Beer Product 191,Lager,142171.00,6472
Beer Product 196,Lager,176219.00,6437
Beer Product 201,Lager,205508.00,7855
Beer Product 206,Lager,173887.00,7260
Beer Product 21,Lager,157370.00,5533
Beer Product 211,Lager,158357.00,6899
Beer Product 216,Lager,142937.00,5826
Beer Product 221,Lager,167953.00,6670
Beer Product 226,Lager,182248.00,7798
Beer Product 231,Lager,193673.00,7639
Beer Product 236,Lager,200599.00,7282
Beer Product 241,Lager,163955.00,6825
Beer Product 246,Lager,170697.00,8176
Beer Product 251,Lager,162297.00,6984
Beer Product 256,Lager,155126.00,6981
Beer Product 26,Lager,180607.00,7064
Beer Product 261,Lager,212338.00,8196
Beer Product 266,Lager,146673.00,5751
Beer Product 271,Lager,173905.00,6835
Beer Product 276,Lager,147334.00,7081
Beer Product 281,Lager,163720.00,8237
Beer Product 286,Lager,146528.00,6075
Beer Product 291,Lager,194505.00,6785
Beer Product 296,Lager,154771.00,6625
Beer Product 301,Lager,119510.00,6397
Beer Product 306,Lager,191072.00,6643
Beer Product 31,Lager,181759.00,6787
Beer Product 311,Lager,184043.00,7263
Beer Product 316,Lager,158739.00,6280
Beer Product 321,Lager,146593.00,5018
Beer Product 326,Lager,161445.00,6358
Beer Product 331,Lager,186029.00,6789
Beer Product 336,Lager,158848.00,6136
Beer Product 341,Lager,181621.00,6048
Beer Product 346,Lager,138258.00,5949
Beer Product 351,Lager,173042.00,6762
Beer Product 356,Lager,201246.00,7088
Beer Product 36,Lager,199355.00,7575
Beer Product 361,Lager,143869.00,6293
Beer Product 366,Lager,172419.00,6942
Beer Product 371,Lager,198420.00,8369
Beer Product 376,Lager,201591.00,6899
Beer Product 381,Lager,168329.00,6365
Beer Product 386,Lager,182379.00,6431
Beer Product 391,Lager,175274.00,6678
Beer Product 396,Lager,189905.00,7241
Beer Product 401,Lager,142412.00,6318
Beer Product 406,Lager,184743.00,6957
Beer Product 41,Lager,182890.00,6394
Beer Product 411,Lager,149931.00,7741
Beer Product 416,Lager,161501.00,5516
Beer Product 421,Lager,174495.00,7008
Beer Product 426,Lager,158710.00,6000
Beer Product 431,Lager,203220.00,8359
Beer Product 436,Lager,151923.00,6143
Beer Product 441,Lager,151109.00,5047
Beer Product 446,Lager,114985.00,5365
Beer Product 451,Lager,132047.00,6401
Beer Product 456,Lager,179861.00,6601
Beer Product 46,Lager,142456.00,6045
Beer Product 461,Lager,66788.00,3654
Beer Product 466,Lager,144255.00,5206
Beer Product 471,Lager,182462.00,6859
Beer Product 476,Lager,131312.00,6457
Beer Product 481,Lager,184460.00,6405
Beer Product 486,Lager,172893.00,5072
Beer Product 491,Lager,176824.00,6676
Beer Product 496,Lager,172947.00,7816
Beer Product 51,Lager,159757.00,6044
Beer Product 56,Lager,130361.00,5514
Beer Product 6,Lager,128856.00,4933
Beer Product 61,Lager,158837.00,6783
Beer Product 66,Lager,148500.00,5989
Beer Product 71,Lager,153546.00,7097
Beer Product 76,Lager,168594.00,5059
Beer Product 81,Lager,123730.00,4830
Beer Product 86,Lager,216204.00,8761
Beer Product 91,Lager,197198.00,7212
Beer Product 96,Lager,129914.00,4816
Beer Product 103,Pale Ale,179838.00,7103
Beer Product 108,Pale Ale,196578.00,7594
Beer Product 113,Pale Ale,200421.00,7041
Beer Product 118,Pale Ale,153311.00,5692
Beer Product 123,Pale Ale,173004.00,8171
Beer Product 128,Pale Ale,151337.00,6378
Beer Product 13,Pale Ale,172379.00,7778
Beer Product 133,Pale Ale,201431.00,8297
Beer Product 138,Pale Ale,161074.00,6613
Beer Product 143,Pale Ale,130091.00,5928
Beer Product 148,Pale Ale,152142.00,6440
Beer Product 153,Pale Ale,178025.00,7352
Beer Product 158,Pale Ale,182388.00,7331
Beer Product 163,Pale Ale,120382.00,5714
Beer Product 168,Pale Ale,170017.00,6377
Beer Product 173,Pale Ale,169406.00,6235
Beer Product 178,Pale Ale,156627.00,6012
Beer Product 18,Pale Ale,154229.00,6275
Beer Product 183,Pale Ale,130387.00,5365
Beer Product 188,Pale Ale,159916.00,7240
Beer Product 193,Pale Ale,210641.00,6892
Beer Product 198,Pale Ale,171380.00,6450
Beer Product 203,Pale Ale,174776.00,6626
Beer Product 208,Pale Ale,160852.00,5464
Beer Product 213,Pale Ale,182165.00,7646
Beer Product 218,Pale Ale,179527.00,6895
Beer Product 223,Pale Ale,151066.00,6630
Beer Product 228,Pale Ale,139877.00,6597
Beer Product 23,Pale Ale,196666.00,8884
Beer Product 233,Pale Ale,141215.00,6273
Beer Product 238,Pale Ale,176503.00,7242
Beer Product 243,Pale Ale,151302.00,5610
Beer Product 248,Pale Ale,213962.00,7691
Beer Product 253,Pale Ale,185690.00,7888
Beer Product 258,Pale Ale,146479.00,5652
Beer Product 263,Pale Ale,127923.00,5232
Beer Product 268,Pale Ale,210161.00,8171
Beer Product 273,Pale Ale,210575.00,8298
Beer Product 278,Pale Ale,150368.00,6238
Beer Product 28,Pale Ale,183079.00,7982
Beer Product 283,Pale Ale,119377.00,4130
Beer Product 288,Pale Ale,161562.00,6560
Beer Product 293,Pale Ale,174797.00,6270
Beer Product 298,Pale Ale,186549.00,7480
Beer Product 3,Pale Ale,155869.00,6708
Beer Product 303,Pale Ale,211939.00,9390
Beer Product 308,Pale Ale,212832.00,7987
Beer Product 313,Pale Ale,190576.00,5911
Beer Product 318,Pale Ale,148585.00,6671
Beer Product 323,Pale Ale,169106.00,7175
Beer Product 328,Pale Ale,185643.00,7596
Beer Product 33,Pale Ale,141199.00,5002
Beer Product 333,Pale Ale,152161.00,5619
Beer Product 338,Pale Ale,205509.00,7362
Beer Product 343,Pale Ale,180379.00,7331
Beer Product 348,Pale Ale,163750.00,5922
Beer Product 353,Pale Ale,158936.00,6949
Beer Product 358,Pale Ale,111694.00,5135
Beer Product 363,Pale Ale,134835.00,5472
Beer Product 368,Pale Ale,173938.00,7305
Beer Product 373,Pale Ale,199095.00,8121
Beer Product 378,Pale Ale,140153.00,5354
Beer Product 38,Pale Ale,140614.00,6281
Beer Product 383,Pale Ale,168612.00,5711
Beer Product 388,Pale Ale,166493.00,6190
Beer Product 393,Pale Ale,163475.00,7118
Beer Product 398,Pale Ale,166841.00,6742
Beer Product 403,Pale Ale,152423.00,5704
Beer Product 408,Pale Ale,174132.00,6126
Beer Product 413,Pale Ale,143910.00,5895
Beer Product 418,Pale Ale,163841.00,7102
Beer Product 423,Pale Ale,157601.00,5564
Beer Product 428,Pale Ale,169917.00,7239
Beer Product 43,Pale Ale,125220.00,5426
Beer Product 433,Pale Ale,192642.00,6568
Beer Product 438,Pale Ale,208079.00,8273
Beer Product 443,Pale Ale,180942.00,6960
Beer Product 448,Pale Ale,174360.00,7239
Beer Product 453,Pale Ale,171702.00,7013
Beer Product 458,Pale Ale,164719.00,5802
Beer Product 463,Pale Ale,157646.00,5707
Beer Product 468,Pale Ale,166172.00,5363
Beer Product 473,Pale Ale,138407.00,5188
Beer Product 478,Pale Ale,177190.00,6241
Beer Product 48,Pale Ale,155274.00,4923
Beer Product 483,Pale Ale,162504.00,6293
Beer Product 488,Pale Ale,174994.00,6143
Beer Product 493,Pale Ale,154925.00,6436
Beer Product 498,Pale Ale,175501.00,6475
Beer Product 53,Pale Ale,171022.00,6336
Beer Product 58,Pale Ale,222905.00,8021
Beer Product 63,Pale Ale,174451.00,7488
Beer Product 68,Pale Ale,158092.00,5629
Beer Product 73,Pale Ale,187930.00,6708
Beer Product 78,Pale Ale,177569.00,6236
Beer Product 8,Pale Ale,147122.00,6426
Beer Product 83,Pale Ale,153872.00,6827
Beer Product 88,Pale Ale,148852.00,6630
Beer Product 93,Pale Ale,164980.00,6999
Beer Product 98,Pale Ale,155919.00,6871
Beer Product 104,Session Ale,146011.00,5661
Beer Product 109,Session Ale,145380.00,5594
Beer Product 114,Session Ale,209180.00,6962
Beer Product 119,Session Ale,180032.00,7666
Beer Product 124,Session Ale,151081.00,6111
Beer Product 129,Session Ale,223093.00,9472
Beer Product 134,Session Ale,203890.00,7263
Beer Product 139,Session Ale,149855.00,6272
Beer Product 14,Session Ale,171586.00,7182
Beer Product 144,Session Ale,188907.00,9369
Beer Product 149,Session Ale,146651.00,6864
Beer Product 154,Session Ale,144404.00,5419
Beer Product 159,Session Ale,135539.00,5354
Beer Product 164,Session Ale,143035.00,6204
Beer Product 169,Session Ale,164102.00,6111
Beer Product 174,Session Ale,176134.00,8220
Beer Product 179,Session Ale,130194.00,5602
Beer Product 184,Session Ale,132354.00,6095
Beer Product 189,Session Ale,180094.00,7547
Beer Product 19,Session Ale,130844.00,6253
Beer Product 194,Session Ale,205042.00,7076
Beer Product 199,Session Ale,202428.00,8803
Beer Product 204,Session Ale,168979.00,7260
Beer Product 209,Session Ale,141554.00,5269
Beer Product 214,Session Ale,149151.00,6053
Beer Product 219,Session Ale,97588.00,3749
Beer Product 224,Session Ale,171638.00,7117
Beer Product 229,Session Ale,180754.00,6876
Beer Product 234,Session Ale,170719.00,7623
Beer Product 239,Session Ale,176340.00,7586
Beer Product 24,Session Ale,170356.00,6376
Beer Product 244,Session Ale,189400.00,7094
Beer Product 249,Session Ale,140857.00,5751
Beer Product 254,Session Ale,162810.00,8076
Beer Product 259,Session Ale,189054.00,6566
Beer Product 264,Session Ale,137614.00,5683
Beer Product 269,Session Ale,144266.00,5700
Beer Product 274,Session Ale,189874.00,6969
Beer Product 279,Session Ale,219734.00,9031
Beer Product 284,Session Ale,185152.00,8246
Beer Product 289,Session Ale,152405.00,6392
Beer Product 29,Session Ale,187297.00,6930
Beer Product 294,Session Ale,142217.00,5996
Beer Product 299,Session Ale,168072.00,6691
Beer Product 304,Session Ale,202421.00,8427
Beer Product 309,Session Ale,153842.00,6869
Beer Product 314,Session Ale,199305.00,7613
Beer Product 319,Session Ale,129028.00,5832
Beer Product 324,Session Ale,154750.00,5950
Beer Product 329,Session Ale,173783.00,7829
Beer Product 334,Session Ale,175491.00,7129
Beer Product 339,Session Ale,171373.00,6806
Beer Product 34,Session Ale,166410.00,6094
Beer Product 344,Session Ale,169412.00,5858
Beer Product 349,Session Ale,133466.00,5708
Beer Product 354,Session Ale,172372.00,6355
Beer Product 359,Session Ale,174855.00,6754
Beer Product 364,Session Ale,139073.00,5348
Beer Product 369,Session Ale,134721.00,5075
Beer Product 374,Session Ale,144113.00,5223
Beer Product 379,Session Ale,162836.00,6928
Beer Product 384,Session Ale,167203.00,6608
Beer Product 389,Session Ale,140143.00,6727
Beer Product 39,Session Ale,155837.00,5731
Beer Product 394,Session Ale,141273.00,5818
Beer Product 399,Session Ale,148940.00,6932
Beer Product 4,Session Ale,180290.00,6694
Beer Product 404,Session Ale,174179.00,7091
Beer Product 409,Session Ale,147693.00,5278
Beer Product 414,Session Ale,201217.00,6840
Beer Product 419,Session Ale,162663.00,6399
Beer Product 424,Session Ale,173524.00,6692
Beer Product 429,Session Ale,147198.00,5100
Beer Product 434,Session Ale,153410.00,5769
Beer Product 439,Session Ale,150900.00,6299
Beer Product 44,Session Ale,192823.00,8096
Beer Product 444,Session Ale,196757.00,6385
Beer Product 449,Session Ale,157708.00,6318
Beer Product 454,Session Ale,178523.00,7797
Beer Product 459,Session Ale,206670.00,7898
Beer Product 464,Session Ale,143449.00,5742
Beer Product 469,Session Ale,180584.00,8208
Beer Product 474,Session Ale,199650.00,7272
Beer Product 479,Session Ale,180060.00,6201
Beer Product 484,Session Ale,181817.00,7200
Beer Product 489,Session Ale,182375.00,7306
Beer Product 49,Session Ale,140359.00,6176
Beer Product 494,Session Ale,136699.00,5640
Beer Product 499,Session Ale,175949.00,6416
Beer Product 54,Session Ale,181270.00,6863
Beer Product 59,Session Ale,188944.00,7389
Beer Product 64,Session Ale,164949.00,7744
Beer Product 69,Session Ale,208889.00,7501
Beer Product 74,Session Ale,185619.00,6328
Beer Product 79,Session Ale,168647.00,7811
Beer Product 84,Session Ale,161860.00,6459
Beer Product 89,Session Ale,180779.00,6909
Beer Product 9,Session Ale,168819.00,5948
Beer Product 94,Session Ale,165278.00,6601
Beer Product 99,Session Ale,156264.00,6117
Beer Product 102,Stout,158263.00,6230
Beer Product 107,Stout,166487.00,5369
Beer Product 112,Stout,114620.00,5253
Beer Product 117,Stout,137402.00,5803
Beer Product 12,Stout,145211.00,5619
Beer Product 122,Stout,185613.00,8170
Beer Product 127,Stout,168420.00,7690
Beer Product 132,Stout,204202.00,7975
Beer Product 137,Stout,151711.00,6786
Beer Product 142,Stout,150386.00,6182
Beer Product 147,Stout,146724.00,7039
Beer Product 152,Stout,157866.00,5870
Beer Product 157,Stout,190740.00,7901
Beer Product 162,Stout,136889.00,5189
Beer Product 167,Stout,162143.00,6924
Beer Product 17,Stout,170034.00,5955
Beer Product 172,Stout,128523.00,6086
Beer Product 177,Stout,145081.00,5882
Beer Product 182,Stout,205331.00,7802
Beer Product 187,Stout,131179.00,5683
Beer Product 192,Stout,172583.00,6944
Beer Product 197,Stout,162450.00,7611
Beer Product 2,Stout,155141.00,5949
Beer Product 202,Stout,179763.00,6185
Beer Product 207,Stout,189052.00,7267
Beer Product 212,Stout,176322.00,6366
Beer Product 217,Stout,159183.00,5375
Beer Product 22,Stout,173314.00,7172
Beer Product 222,Stout,162162.00,6331
Beer Product 227,Stout,182370.00,6075
Beer Product 232,Stout,200027.00,7156
Beer Product 237,Stout,170719.00,6819
Beer Product 242,Stout,158780.00,7200
Beer Product 247,Stout,171322.00,6352
Beer Product 252,Stout,155806.00,6202
Beer Product 257,Stout,194770.00,7567
Beer Product 262,Stout,161018.00,6682
Beer Product 267,Stout,109650.00,5164
Beer Product 27,Stout,179953.00,6155
Beer Product 272,Stout,168980.00,6110
Beer Product 277,Stout,138005.00,5289
Beer Product 282,Stout,199200.00,7650
Beer Product 287,Stout,152017.00,5843
Beer Product 292,Stout,149291.00,5150
Beer Product 297,Stout,198828.00,7396
Beer Product 302,Stout,176257.00,6879
Beer Product 307,Stout,186874.00,7062
Beer Product 312,Stout,152522.00,5638
Beer Product 317,Stout,204202.00,6827
Beer Product 32,Stout,209730.00,7072
Beer Product 322,Stout,158649.00,6861
Beer Product 327,Stout,179099.00,7056
Beer Product 332,Stout,170942.00,6643
Beer Product 337,Stout,157564.00,5999
Beer Product 342,Stout,164339.00,6942
Beer Product 347,Stout,162583.00,6168
Beer Product 352,Stout,172484.00,6110
Beer Product 357,Stout,163632.00,6643
Beer Product 362,Stout,196492.00,7494
Beer Product 367,Stout,149695.00,6395
Beer Product 37,Stout,194725.00,7284
Beer Product 372,Stout,163136.00,7325
Beer Product 377,Stout,163010.00,5437
Beer Product 382,Stout,169563.00,7944
Beer Product 387,Stout,165593.00,7321
Beer Product 392,Stout,183682.00,6617
Beer Product 397,Stout,204624.00,8183
Beer Product 402,Stout,211921.00,8344
Beer Product 407,Stout,125136.00,5424
Beer Product 412,Stout,156047.00,5762
Beer Product 417,Stout,163174.00,6657
Beer Product 42,Stout,163318.00,6611
Beer Product 422,Stout,158440.00,6453
Beer Product 427,Stout,185346.00,6859
Beer Product 432,Stout,160575.00,6692
Beer Product 437,Stout,135621.00,5959
Beer Product 442,Stout,137594.00,5715
Beer Product 447,Stout,151714.00,7386
Beer Product 452,Stout,157964.00,6415
Beer Product 457,Stout,146164.00,6087
Beer Product 462,Stout,228537.00,7769
Beer Product 467,Stout,156584.00,5977
Beer Product 47,Stout,179561.00,6239
Beer Product 472,Stout,192559.00,7646
Beer Product 477,Stout,154308.00,7161
Beer Product 482,Stout,168605.00,6332
Beer Product 487,Stout,116374.00,5163
Beer Product 492,Stout,151116.00,6214
Beer Product 497,Stout,175276.00,6330
Beer Product 52,Stout,206705.00,8494
Beer Product 57,Stout,212404.00,7761
Beer Product 62,Stout,199351.00,7098
Beer Product 67,Stout,191694.00,7781
Beer Product 7,Stout,222382.00,8360
Beer Product 72,Stout,205225.00,7331
Beer Product 77,Stout,159496.00,5947
Beer Product 82,Stout,155668.00,6487
Beer Product 87,Stout,200821.00,8184
Beer Product 92,Stout,171820.00,5944
Beer Product 97,Stout,186362.00,6203
